score,iteration,sift_nOctaveLayers,sift_sigma,min_match_count,sift_contrastThreshold,sift_edgeThreshold,good_matches_threshold,ransac
100,382,7,1.0,40,0.035,9,0.72,3.5
100,371,7,1.0,38,0.045,10,0.72,4.0
100,377,7,1.0,38,0.045,11,0.72,4.0
100,376,7,1.0,38,0.045,11,0.72,3.5
100,370,7,1.0,38,0.045,10,0.72,3.5
100,340,7,1.0,38,0.035,11,0.72,3.5
100,227,7,0.9,40,0.035,10,0.72,4.0
100,232,7,0.9,40,0.035,11,0.72,3.5
100,179,7,0.9,38,0.035,11,0.72,4.0
100,184,7,0.9,38,0.04,9,0.72,3.5
100,185,7,0.9,38,0.04,9,0.72,4.0
100,197,7,0.9,38,0.04,11,0.72,4.0
100,388,7,1.0,40,0.035,10,0.72,3.5
100,395,7,1.0,40,0.035,11,0.72,4.0
100,407,7,1.0,40,0.04,10,0.72,4.0
100,167,7,0.9,38,0.035,9,0.72,4.0
100,394,7,1.0,40,0.035,11,0.72,3.5
100,389,7,1.0,40,0.035,10,0.72,4.0
100,214,7,0.9,38,0.045,11,0.72,3.5
100,172,7,0.9,38,0.035,10,0.72,3.5
100,178,7,0.9,38,0.035,11,0.72,3.5
100,173,7,0.9,38,0.035,10,0.72,4.0
100,190,7,0.9,38,0.04,10,0.72,3.5
100,166,7,0.9,38,0.035,9,0.72,3.5
100,286,7,0.9,42,0.035,11,0.72,3.5
100,287,7,0.9,42,0.035,11,0.72,4.0
100,329,7,1.0,38,0.035,9,0.72,4.0
100,328,7,1.0,38,0.035,9,0.72,3.5
100,334,7,1.0,38,0.035,10,0.72,3.5
100,335,7,1.0,38,0.035,10,0.72,4.0
100,346,7,1.0,38,0.04,9,0.72,3.5
100,341,7,1.0,38,0.035,11,0.72,4.0
98,383,7,1.0,40,0.035,9,0.72,4.0
95,191,7,0.9,38,0.04,10,0.72,4.0
91,364,7,1.0,38,0.045,9,0.72,3.5
88,196,7,0.9,38,0.04,11,0.72,3.5
80,406,7,1.0,40,0.04,10,0.72,3.5
80,226,7,0.9,40,0.035,10,0.72,3.5
77,413,7,1.0,40,0.04,11,0.72,4.0
75,418,7,1.0,40,0.045,9,0.72,3.5
74,359,7,1.0,38,0.04,11,0.72,4.0
72,352,7,1.0,38,0.04,10,0.72,3.5
71,233,7,0.9,40,0.035,11,0.72,4.0
71,400,7,1.0,40,0.04,9,0.72,3.5
68,251,7,0.9,40,0.04,11,0.72,4.0
65,401,7,1.0,40,0.04,9,0.72,4.0
62,365,7,1.0,38,0.045,9,0.72,4.0
58,220,7,0.9,40,0.035,9,0.72,3.5
57,358,7,1.0,38,0.04,11,0.72,3.5
54,419,7,1.0,40,0.045,9,0.72,4.0
48,353,7,1.0,38,0.04,10,0.72,4.0
47,274,7,0.9,42,0.035,9,0.72,3.5
45,215,7,0.9,38,0.045,11,0.72,4.0
42,268,7,0.9,40,0.045,11,0.72,3.5
42,245,7,0.9,40,0.04,10,0.72,4.0
41,59,7,0.8,40,0.035,9,0.72,4.0
41,17,7,0.8,38,0.035,11,0.72,4.0
40,347,7,1.0,38,0.04,9,0.72,4.0
40,275,7,0.9,42,0.035,9,0.72,4.0
39,70,7,0.8,40,0.035,11,0.72,3.5
37,238,7,0.9,40,0.04,9,0.72,3.5
37,374,7,1.0,38,0.045,11,0.7,3.5
35,16,7,0.8,38,0.035,11,0.72,3.5
33,221,7,0.9,40,0.035,9,0.72,4.0
33,244,7,0.9,40,0.04,10,0.72,3.5
33,256,7,0.9,40,0.045,9,0.72,3.5
32,304,7,0.9,42,0.04,11,0.72,3.5
32,250,7,0.9,40,0.04,11,0.72,3.5
31,257,7,0.9,40,0.045,9,0.72,4.0
31,293,7,0.9,42,0.04,9,0.72,4.0
31,125,7,0.8,42,0.035,11,0.72,4.0
31,299,7,0.9,42,0.04,10,0.72,4.0
31,239,7,0.9,40,0.04,9,0.72,4.0
30,64,7,0.8,40,0.035,10,0.72,3.5
29,71,7,0.8,40,0.035,11,0.72,4.0
29,298,7,0.9,42,0.04,10,0.72,3.5
28,412,7,1.0,40,0.04,11,0.72,3.5
27,305,7,0.9,42,0.04,11,0.72,4.0
27,5,7,0.8,38,0.035,9,0.72,4.0
25,11,7,0.8,38,0.035,10,0.72,4.0
24,292,7,0.9,42,0.04,9,0.72,3.5
24,202,7,0.9,38,0.045,9,0.72,3.5
23,124,7,0.8,42,0.035,11,0.72,3.5
22,10,7,0.8,38,0.035,10,0.72,3.5
22,316,7,0.9,42,0.045,10,0.72,3.5
21,88,7,0.8,40,0.04,11,0.72,3.5
21,208,7,0.9,38,0.045,10,0.72,3.5
20,203,7,0.9,38,0.045,9,0.72,4.0
20,4,7,0.8,38,0.035,9,0.72,3.5
20,58,7,0.8,40,0.035,9,0.72,3.5
20,23,7,0.8,38,0.04,9,0.72,4.0
19,280,7,0.9,42,0.035,10,0.72,3.5
19,65,7,0.8,40,0.035,10,0.72,4.0
19,269,7,0.9,40,0.045,11,0.72,4.0
19,34,7,0.8,38,0.04,11,0.72,3.5
19,29,7,0.8,38,0.04,10,0.72,4.0
18,281,7,0.9,42,0.035,10,0.72,4.0
17,142,7,0.8,42,0.04,11,0.72,3.5
17,368,7,1.0,38,0.045,10,0.7,3.5
16,306,7,0.9,42,0.045,9,0.68,3.5
16,235,7,0.9,40,0.04,9,0.68,4.0
16,289,7,0.9,42,0.04,9,0.68,4.0
16,89,7,0.8,40,0.04,11,0.72,4.0
16,28,7,0.8,38,0.04,10,0.72,3.5
16,35,7,0.8,38,0.04,11,0.72,4.0
16,360,7,1.0,38,0.045,9,0.68,3.5
16,420,7,1.0,40,0.045,10,0.68,3.5
16,317,7,0.9,42,0.045,10,0.72,4.0
15,414,7,1.0,40,0.045,9,0.68,3.5
15,367,7,1.0,38,0.045,10,0.68,4.0
15,366,7,1.0,38,0.045,10,0.68,3.5
15,421,7,1.0,40,0.045,10,0.68,4.0
15,307,7,0.9,42,0.045,9,0.68,4.0
15,343,7,1.0,38,0.04,9,0.68,4.0
15,397,7,1.0,40,0.04,9,0.68,4.0
15,145,7,0.8,42,0.045,9,0.68,4.0
15,332,7,1.0,38,0.035,10,0.7,3.5
15,119,7,0.8,42,0.035,10,0.72,4.0
15,323,7,0.9,42,0.045,11,0.72,4.0
15,318,7,0.9,42,0.045,11,0.68,3.5
14,295,7,0.9,42,0.04,10,0.68,4.0
14,415,7,1.0,40,0.045,9,0.68,4.0
14,417,7,1.0,40,0.045,9,0.7,4.0
14,361,7,1.0,38,0.045,9,0.68,4.0
14,46,7,0.8,38,0.045,10,0.72,3.5
14,313,7,0.9,42,0.045,10,0.68,4.0
14,312,7,0.9,42,0.045,10,0.68,3.5
14,83,7,0.8,40,0.04,10,0.72,4.0
14,288,7,0.9,42,0.04,9,0.68,3.5
14,113,7,0.8,42,0.035,9,0.72,4.0
14,253,7,0.9,40,0.045,9,0.68,4.0
14,3,7,0.8,38,0.035,9,0.7,4.0
14,209,7,0.9,38,0.045,10,0.72,4.0
14,118,7,0.8,42,0.035,10,0.72,3.5
14,101,7,0.8,40,0.045,10,0.72,4.0
13,373,7,1.0,38,0.045,11,0.68,4.0
13,53,7,0.8,38,0.045,11,0.72,4.0
13,362,7,1.0,38,0.045,9,0.7,3.5
13,91,7,0.8,40,0.045,9,0.68,4.0
13,319,7,0.9,42,0.045,11,0.68,4.0
13,77,7,0.8,40,0.04,9,0.72,4.0
13,259,7,0.9,40,0.045,10,0.68,4.0
13,311,7,0.9,42,0.045,9,0.72,4.0
13,301,7,0.9,42,0.04,11,0.68,4.0
13,258,7,0.9,40,0.045,10,0.68,3.5
13,252,7,0.9,40,0.045,9,0.68,3.5
13,100,7,0.8,40,0.045,10,0.72,3.5
13,126,7,0.8,42,0.04,9,0.68,3.5
13,264,7,0.9,40,0.045,11,0.68,3.5
13,155,7,0.8,42,0.045,10,0.72,4.0
13,234,7,0.9,40,0.04,9,0.68,3.5
13,201,7,0.9,38,0.045,9,0.7,4.0
13,181,7,0.9,38,0.04,9,0.68,4.0
13,198,7,0.9,38,0.045,9,0.68,3.5
13,199,7,0.9,38,0.045,9,0.68,4.0
13,416,7,1.0,40,0.045,9,0.7,3.5
13,403,7,1.0,40,0.04,10,0.68,4.0
13,408,7,1.0,40,0.04,11,0.68,3.5
13,402,7,1.0,40,0.04,10,0.68,3.5
13,14,7,0.8,38,0.035,11,0.7,3.5
12,422,7,1.0,40,0.045,10,0.7,3.5
12,348,7,1.0,38,0.04,10,0.68,3.5
12,342,7,1.0,38,0.04,9,0.68,3.5
12,42,7,0.8,38,0.045,10,0.68,3.5
12,153,7,0.8,42,0.045,10,0.7,4.0
12,154,7,0.8,42,0.045,10,0.72,3.5
12,205,7,0.9,38,0.045,10,0.68,4.0
12,90,7,0.8,40,0.045,9,0.68,3.5
12,96,7,0.8,40,0.045,10,0.68,3.5
12,97,7,0.8,40,0.045,10,0.68,4.0
12,98,7,0.8,40,0.045,10,0.7,3.5
12,354,7,1.0,38,0.04,11,0.68,3.5
12,15,7,0.8,38,0.035,11,0.7,4.0
12,409,7,1.0,40,0.04,11,0.68,4.0
12,150,7,0.8,42,0.045,10,0.68,3.5
12,152,7,0.8,42,0.045,10,0.7,3.5
12,369,7,1.0,38,0.045,10,0.7,4.0
12,44,7,0.8,38,0.045,10,0.7,3.5
12,283,7,0.9,42,0.035,11,0.68,4.0
12,276,7,0.9,42,0.035,10,0.68,3.5
12,144,7,0.8,42,0.045,9,0.68,3.5
12,151,7,0.8,42,0.045,10,0.68,4.0
11,271,7,0.9,42,0.035,9,0.68,4.0
11,263,7,0.9,40,0.045,10,0.72,4.0
11,375,7,1.0,38,0.045,11,0.7,4.0
11,372,7,1.0,38,0.045,11,0.68,3.5
11,37,7,0.8,38,0.045,9,0.68,4.0
11,423,7,1.0,40,0.045,10,0.7,4.0
11,102,7,0.8,40,0.045,11,0.68,3.5
11,103,7,0.8,40,0.045,11,0.68,4.0
11,68,7,0.8,40,0.035,11,0.7,3.5
11,72,7,0.8,40,0.04,9,0.68,3.5
11,147,7,0.8,42,0.045,9,0.7,4.0
11,146,7,0.8,42,0.045,9,0.7,3.5
11,136,7,0.8,42,0.04,10,0.72,3.5
11,310,7,0.9,42,0.045,9,0.72,3.5
11,300,7,0.9,42,0.04,11,0.68,3.5
11,315,7,0.9,42,0.045,10,0.7,4.0
11,308,7,0.9,42,0.045,9,0.7,3.5
11,309,7,0.9,42,0.045,9,0.7,4.0
11,92,7,0.8,40,0.045,9,0.7,3.5
11,82,7,0.8,40,0.04,10,0.72,3.5
11,217,7,0.9,40,0.035,9,0.68,4.0
11,204,7,0.9,38,0.045,10,0.68,3.5
11,106,7,0.8,40,0.045,11,0.72,3.5
11,107,7,0.8,40,0.045,11,0.72,4.0
11,93,7,0.8,40,0.045,9,0.7,4.0
11,132,7,0.8,42,0.04,10,0.68,3.5
11,378,7,1.0,40,0.035,9,0.68,3.5
11,381,7,1.0,40,0.035,9,0.7,4.0
11,363,7,1.0,38,0.045,9,0.7,4.0
11,385,7,1.0,40,0.035,10,0.68,4.0
11,52,7,0.8,38,0.045,11,0.72,3.5
11,396,7,1.0,40,0.04,9,0.68,3.5
11,399,7,1.0,40,0.04,9,0.7,4.0
11,398,7,1.0,40,0.04,9,0.7,3.5
11,49,7,0.8,38,0.045,11,0.68,4.0
11,390,7,1.0,40,0.035,11,0.68,3.5
11,21,7,0.8,38,0.04,9,0.7,4.0
11,22,7,0.8,38,0.04,9,0.72,3.5
11,161,7,0.8,42,0.045,11,0.72,4.0
11,129,7,0.8,42,0.04,9,0.7,4.0
11,127,7,0.8,42,0.04,9,0.68,4.0
10,357,7,1.0,38,0.04,11,0.7,4.0
10,0,7,0.8,38,0.035,9,0.68,3.5
10,8,7,0.8,38,0.035,10,0.7,3.5
10,36,7,0.8,38,0.045,9,0.68,3.5
10,345,7,1.0,38,0.04,9,0.7,4.0
10,355,7,1.0,38,0.04,11,0.68,4.0
10,351,7,1.0,38,0.04,10,0.7,4.0
10,160,7,0.8,42,0.045,11,0.72,3.5
10,158,7,0.8,42,0.045,11,0.7,3.5
10,338,7,1.0,38,0.035,11,0.7,3.5
10,349,7,1.0,38,0.04,10,0.68,4.0
10,211,7,0.9,38,0.045,11,0.68,4.0
10,200,7,0.9,38,0.045,9,0.7,3.5
10,137,7,0.8,42,0.04,10,0.72,4.0
10,156,7,0.8,42,0.045,11,0.68,3.5
10,33,7,0.8,38,0.04,11,0.7,4.0
10,51,7,0.8,38,0.045,11,0.7,4.0
10,57,7,0.8,40,0.035,9,0.7,4.0
10,62,7,0.8,40,0.035,10,0.7,3.5
10,54,7,0.8,40,0.035,9,0.68,3.5
10,48,7,0.8,38,0.045,11,0.68,3.5
10,18,7,0.8,38,0.04,9,0.68,3.5
10,265,7,0.9,40,0.045,11,0.68,4.0
10,254,7,0.9,40,0.045,9,0.7,3.5
10,246,7,0.9,40,0.04,11,0.68,3.5
10,270,7,0.9,42,0.035,9,0.68,3.5
10,384,7,1.0,40,0.035,10,0.68,3.5
10,266,7,0.9,40,0.045,11,0.7,3.5
10,255,7,0.9,40,0.045,9,0.7,4.0
10,133,7,0.8,42,0.04,10,0.68,4.0
10,108,7,0.8,42,0.035,9,0.68,3.5
10,157,7,0.8,42,0.045,11,0.68,4.0
10,69,7,0.8,40,0.035,11,0.7,4.0
10,75,7,0.8,40,0.04,9,0.7,4.0
10,177,7,0.9,38,0.035,11,0.7,4.0
10,180,7,0.9,38,0.04,9,0.68,3.5
10,222,7,0.9,40,0.035,10,0.68,3.5
10,114,7,0.8,42,0.035,10,0.68,3.5
9,43,7,0.8,38,0.045,10,0.68,4.0
9,344,7,1.0,38,0.04,9,0.7,3.5
9,325,7,1.0,38,0.035,9,0.68,4.0
9,350,7,1.0,38,0.04,10,0.7,3.5
9,327,7,1.0,38,0.035,9,0.7,4.0
9,337,7,1.0,38,0.035,11,0.68,4.0
9,79,7,0.8,40,0.04,10,0.68,4.0
9,225,7,0.9,40,0.035,10,0.7,4.0
9,139,7,0.8,42,0.04,11,0.68,4.0
9,135,7,0.8,42,0.04,10,0.7,4.0
9,314,7,0.9,42,0.045,10,0.7,3.5
9,321,7,0.9,42,0.045,11,0.7,4.0
9,320,7,0.9,42,0.045,11,0.7,3.5
9,322,7,0.9,42,0.045,11,0.72,3.5
9,339,7,1.0,38,0.035,11,0.7,4.0
9,216,7,0.9,40,0.035,9,0.68,3.5
9,212,7,0.9,38,0.045,11,0.7,3.5
9,210,7,0.9,38,0.045,11,0.68,3.5
9,193,7,0.9,38,0.04,11,0.68,4.0
9,187,7,0.9,38,0.04,10,0.68,4.0
9,73,7,0.8,40,0.04,9,0.68,4.0
9,78,7,0.8,40,0.04,10,0.68,3.5
9,109,7,0.8,42,0.035,9,0.68,4.0
9,379,7,1.0,40,0.035,9,0.68,4.0
9,267,7,0.9,40,0.045,11,0.7,4.0
9,130,7,0.8,42,0.04,9,0.72,3.5
9,277,7,0.9,42,0.035,10,0.68,4.0
9,110,7,0.8,42,0.035,9,0.7,3.5
9,111,7,0.8,42,0.035,9,0.7,4.0
9,99,7,0.8,40,0.045,10,0.7,4.0
9,247,7,0.9,40,0.04,11,0.68,4.0
9,134,7,0.8,42,0.04,10,0.7,3.5
9,56,7,0.8,40,0.035,9,0.7,3.5
9,55,7,0.8,40,0.035,9,0.68,4.0
9,386,7,1.0,40,0.035,10,0.7,3.5
9,47,7,0.8,38,0.045,10,0.72,4.0
9,391,7,1.0,40,0.035,11,0.68,4.0
9,50,7,0.8,38,0.045,11,0.7,3.5
9,405,7,1.0,40,0.04,10,0.7,4.0
8,20,7,0.8,38,0.04,9,0.7,3.5
8,19,7,0.8,38,0.04,9,0.68,4.0
8,25,7,0.8,38,0.04,10,0.68,4.0
8,24,7,0.8,38,0.04,10,0.68,3.5
8,31,7,0.8,38,0.04,11,0.68,4.0
8,60,7,0.8,40,0.035,10,0.68,3.5
8,63,7,0.8,40,0.035,10,0.7,4.0
8,66,7,0.8,40,0.035,11,0.68,3.5
8,380,7,1.0,40,0.035,9,0.7,3.5
8,61,7,0.8,40,0.035,10,0.68,4.0
8,393,7,1.0,40,0.035,11,0.7,4.0
8,392,7,1.0,40,0.035,11,0.7,3.5
8,262,7,0.9,40,0.045,10,0.72,3.5
8,282,7,0.9,42,0.035,11,0.68,3.5
8,260,7,0.9,40,0.045,10,0.7,3.5
8,261,7,0.9,40,0.045,10,0.7,4.0
8,128,7,0.8,42,0.04,9,0.7,3.5
8,294,7,0.9,42,0.04,10,0.68,3.5
8,230,7,0.9,40,0.035,11,0.7,3.5
8,228,7,0.9,40,0.035,11,0.68,3.5
8,120,7,0.8,42,0.035,11,0.68,3.5
8,121,7,0.8,42,0.035,11,0.68,4.0
8,117,7,0.8,42,0.035,10,0.7,4.0
8,148,7,0.8,42,0.045,9,0.72,3.5
8,116,7,0.8,42,0.035,10,0.7,3.5
8,112,7,0.8,42,0.035,9,0.72,3.5
8,105,7,0.8,40,0.045,11,0.7,4.0
8,104,7,0.8,40,0.045,11,0.7,3.5
8,182,7,0.9,38,0.04,9,0.7,3.5
8,176,7,0.9,38,0.035,11,0.7,3.5
8,206,7,0.9,38,0.045,10,0.7,3.5
8,192,7,0.9,38,0.04,11,0.68,3.5
8,207,7,0.9,38,0.045,10,0.7,4.0
8,213,7,0.9,38,0.045,11,0.7,4.0
8,9,7,0.8,38,0.035,10,0.7,4.0
8,6,7,0.8,38,0.035,10,0.68,3.5
8,38,7,0.8,38,0.045,9,0.7,3.5
8,39,7,0.8,38,0.045,9,0.7,4.0
8,40,7,0.8,38,0.045,9,0.72,3.5
8,1,7,0.8,38,0.035,9,0.68,4.0
8,7,7,0.8,38,0.035,10,0.68,4.0
8,330,7,1.0,38,0.035,10,0.68,3.5
8,324,7,1.0,38,0.035,9,0.68,3.5
8,94,7,0.8,40,0.045,9,0.72,3.5
8,131,7,0.8,42,0.04,9,0.72,4.0
8,138,7,0.8,42,0.04,11,0.68,3.5
8,159,7,0.8,42,0.045,11,0.7,4.0
8,84,7,0.8,40,0.04,11,0.68,3.5
8,80,7,0.8,40,0.04,10,0.7,3.5
8,74,7,0.8,40,0.04,9,0.7,3.5
8,85,7,0.8,40,0.04,11,0.68,4.0
7,2,7,0.8,38,0.035,9,0.7,3.5
7,248,7,0.9,40,0.04,11,0.7,3.5
7,291,7,0.9,42,0.04,9,0.7,4.0
7,237,7,0.9,40,0.04,9,0.7,4.0
7,165,7,0.9,38,0.035,9,0.7,4.0
7,26,7,0.8,38,0.04,10,0.7,3.5
7,164,7,0.9,38,0.035,9,0.7,3.5
7,387,7,1.0,40,0.035,10,0.7,4.0
7,27,7,0.8,38,0.04,10,0.7,4.0
7,195,7,0.9,38,0.04,11,0.7,4.0
7,194,7,0.9,38,0.04,11,0.7,3.5
7,336,7,1.0,38,0.035,11,0.68,3.5
7,326,7,1.0,38,0.035,9,0.7,3.5
7,95,7,0.8,40,0.045,9,0.72,4.0
7,333,7,1.0,38,0.035,10,0.7,4.0
7,219,7,0.9,40,0.035,9,0.7,4.0
7,218,7,0.9,40,0.035,9,0.7,3.5
7,331,7,1.0,38,0.035,10,0.68,4.0
7,41,7,0.8,38,0.045,9,0.72,4.0
7,170,7,0.9,38,0.035,10,0.7,3.5
7,81,7,0.8,40,0.04,10,0.7,4.0
7,76,7,0.8,40,0.04,9,0.72,3.5
7,290,7,0.9,42,0.04,9,0.7,3.5
7,236,7,0.9,40,0.04,9,0.7,3.5
7,162,7,0.9,38,0.035,9,0.68,3.5
7,272,7,0.9,42,0.035,9,0.7,3.5
7,273,7,0.9,42,0.035,9,0.7,4.0
7,122,7,0.8,42,0.035,11,0.7,3.5
7,279,7,0.9,42,0.035,10,0.7,4.0
7,123,7,0.8,42,0.035,11,0.7,4.0
7,12,7,0.8,38,0.035,11,0.68,3.5
7,13,7,0.8,38,0.035,11,0.68,4.0
7,404,7,1.0,40,0.04,10,0.7,3.5
7,410,7,1.0,40,0.04,11,0.7,3.5
7,356,7,1.0,38,0.04,11,0.7,3.5
7,163,7,0.9,38,0.035,9,0.68,4.0
7,411,7,1.0,40,0.04,11,0.7,4.0
7,143,7,0.8,42,0.04,11,0.72,4.0
7,149,7,0.8,42,0.045,9,0.72,4.0
7,115,7,0.8,42,0.035,10,0.68,4.0
7,224,7,0.9,40,0.035,10,0.7,3.5
7,169,7,0.9,38,0.035,10,0.68,4.0
7,67,7,0.8,40,0.035,11,0.68,4.0
7,171,7,0.9,38,0.035,10,0.7,4.0
6,141,7,0.8,42,0.04,11,0.7,4.0
6,302,7,0.9,42,0.04,11,0.7,3.5
6,249,7,0.9,40,0.04,11,0.7,4.0
6,86,7,0.8,40,0.04,11,0.7,3.5
6,168,7,0.9,38,0.035,10,0.68,3.5
6,285,7,0.9,42,0.035,11,0.7,4.0
6,278,7,0.9,42,0.035,10,0.7,3.5
6,32,7,0.8,38,0.04,11,0.7,3.5
6,45,7,0.8,38,0.045,10,0.7,4.0
6,30,7,0.8,38,0.04,11,0.68,3.5
6,240,7,0.9,40,0.04,10,0.68,3.5
6,241,7,0.9,40,0.04,10,0.68,4.0
6,242,7,0.9,40,0.04,10,0.7,3.5
6,175,7,0.9,38,0.035,11,0.68,4.0
6,183,7,0.9,38,0.04,9,0.7,4.0
6,189,7,0.9,38,0.04,10,0.7,4.0
6,188,7,0.9,38,0.04,10,0.7,3.5
6,186,7,0.9,38,0.04,10,0.68,3.5
6,297,7,0.9,42,0.04,10,0.7,4.0
6,140,7,0.8,42,0.04,11,0.7,3.5
6,87,7,0.8,40,0.04,11,0.7,4.0
5,243,7,0.9,40,0.04,10,0.7,4.0
5,231,7,0.9,40,0.035,11,0.7,4.0
5,296,7,0.9,42,0.04,10,0.7,3.5
5,229,7,0.9,40,0.035,11,0.68,4.0
5,284,7,0.9,42,0.035,11,0.7,3.5
5,223,7,0.9,40,0.035,10,0.68,4.0
5,303,7,0.9,42,0.04,11,0.7,4.0
5,174,7,0.9,38,0.035,11,0.68,3.5
