score,iteration,sift_nOctaveLayers,sift_sigma,min_match_count,sift_contrastThreshold,sift_edgeThreshold,good_matches_threshold,ransac_reproj_threshold
400,33,6,0.974516574300084,35,0.03997790154824866,12.543254664451517,0.7946462128513714,4.763095922589461
400,33,3,0.730074483447056,41,0.06771647695404921,9.243910488360832,0.7820039364591125,3.5608047446304516
400,33,7,0.4270079800842931,40,0.057906147311241565,11.711750529821849,0.6183526678311515,5.466842773784233
400,33,4,0.5648358319323724,34,0.030186587688420374,8.931106338733592,0.7846330669999865,6.157895035971691
400,33,5,0.9492049073043385,36,0.033777788059102434,12.489050275231985,0.7347259150099699,3.347308949963351
400,33,4,1.0570652447475002,38,0.053249847897192254,11.501983676591312,0.7768850668509018,6.3876883581859305
400,33,4,1.0656642381498136,45,0.02140081491344258,10.25088861768731,0.7910075054729026,6.910788350273336
400,33,3,0.49988827946061154,45,0.05964258289442516,11.865007431065973,0.7910320307178683,4.347744124445491
200,33,7,0.8590642802837631,49,0.02508118951939995,10.006071981371349,0.7764498601121725,4.798697323437532
200,33,5,1.0591115484609364,31,0.04006174944171381,7.144697533377263,0.7712698264795518,4.778485366667905
200,33,7,0.7865093834751197,30,0.045935978126459207,7.655042329865392,0.7923346596911378,3.796770385088621
200,33,5,0.8184396269546768,32,0.02346813893219036,9.282821077619147,0.777683604765314,3.901796879314245
200,33,7,1.1997832483152964,41,0.05167670559677326,9.333934249520166,0.785479179121263,5.5646627690692725
200,33,6,1.0671320707246457,41,0.060071953927971,9.105165417937625,0.7922603533600225,5.38301494760438
200,33,7,0.8604212597698802,50,0.02055230634155265,11.848115745883169,0.7793655623800468,3.837056564552543
200,33,6,0.9504226422847173,46,0.04692930438709453,10.472019352463464,0.7971330518899511,5.684970562799858
200,33,6,1.0267873242712748,37,0.04433729471819292,8.929026693105103,0.7996636290535137,6.47894367113809
100,33,6,0.8162148916953637,49,0.04835211913091024,7.388225522813952,0.7755274059689431,3.1439637684517794
100,33,6,0.8930960171006093,32,0.06228436746578597,9.987164207782293,0.7558803769937477,6.493035998437559
100,33,5,0.6753351049030958,37,0.024493757392418342,11.41524921106061,0.7362532501356311,4.161266139730472
100,33,7,0.886809271681581,38,0.06258908089615546,8.760488011783185,0.7935533372354886,6.426138180839965
100,33,5,0.7291489777662366,40,0.032087444132185984,9.986534833145928,0.7383509222158486,6.0800564298922986
100,33,3,0.7645301919314,31,0.035050995632376215,8.468155217922202,0.7522300465919205,4.963408955299124
100,33,5,1.1516590067388144,31,0.022411184316641863,12.316547424579388,0.7505730264492775,6.355226704385993
100,33,7,0.824745759023476,42,0.020175720671912388,7.579478552512291,0.793322750917515,4.76582588236284
100,33,3,0.788580695844314,30,0.061207315736782994,11.59957083123502,0.7454759550243887,5.4250864437373245
100,33,7,0.8358058532725716,30,0.05917308908091938,10.127188011327096,0.7589268751441384,6.118883361296206
100,33,6,0.6060398456719944,50,0.02605441177110443,10.823023189618977,0.7717280818427683,4.836857687881437
100,33,3,1.128269457538803,38,0.026064938821516382,12.424886276190293,0.7933639490366216,4.927221629632838
100,33,5,0.6548162360760699,39,0.04247756534752565,11.345842994007286,0.7490961719701357,5.996206975485851
100,33,7,0.9752411831631435,49,0.06068025839788116,12.753003240784828,0.7593224238890202,6.106394795890171
100,33,5,0.8836987704461681,42,0.05658149279560011,8.631718968394388,0.7513652801628743,5.110308396968062
100,33,7,0.9573485709689952,35,0.06252415950201501,7.733457164809766,0.7951150558473963,3.6331965339617462
100,33,5,0.49558731123583705,35,0.06502062968075373,7.731912392105749,0.78340647782094,6.613962349245053
100,33,7,1.1011032802207068,38,0.04671875758614427,9.162530479179816,0.7696125758572889,5.962618684898592
100,33,6,0.7058383263837741,45,0.021345463019999743,12.590004051668538,0.7176846876608775,4.114055618067244
100,33,7,0.6165633047854764,50,0.0424727953983597,12.935696384036694,0.7715557236494858,5.813796342883693
100,33,3,0.7689506784368261,32,0.05357198823389697,11.071689578700248,0.794029977464566,5.622612430309241
100,33,7,1.0350730016410357,37,0.020894387428706872,12.54923260359655,0.7307556684937966,3.572519046330216
100,33,7,1.0514154298694798,34,0.028934032238659934,10.35358454604952,0.7608185974638135,4.188266622096949
100,33,3,0.8158242007181209,42,0.0284641661870013,7.140435846230732,0.78257493124619,5.19075945792383
100,33,5,1.0885554765109264,31,0.038666800834691664,12.295578368592615,0.7222091959580781,5.847839327134039
100,33,5,0.6978231706047942,42,0.05197541674600478,9.092542756619967,0.7805170209032074,6.1311812216316355
100,33,7,1.198045636020432,38,0.035091554565582425,9.054597670938517,0.7085233444387566,3.7985396249849543
100,33,3,1.0096028157226122,34,0.02948033605663237,7.071756989363532,0.7697937974639492,5.75836342666277
100,33,3,0.6775193219738992,31,0.02614452863099744,10.78771368249884,0.7093514960939263,6.049473035986475
100,33,3,0.5732961071265161,36,0.046089572791477476,12.078871212740344,0.7695788208102298,6.76585629356077
100,33,3,0.6238572526520898,49,0.04188162766458545,11.360531898591136,0.7785757280821756,5.287632547807198
100,33,4,1.1975701232707614,49,0.04032643285370158,8.890282308677456,0.7595313784259375,4.143562855322327
100,33,5,0.6967086241814856,36,0.0652398665939506,11.519078894823414,0.7812390034043726,5.369930775678007
100,33,5,1.0260614501550713,45,0.05510500828932764,8.181550773997762,0.795421041265534,5.382014446788762
100,33,7,1.0472347995350342,42,0.05074593848955361,10.71970200955958,0.778152494009374,6.277081218032335
100,33,7,1.0529120399083594,35,0.06864022763691634,7.122314623911564,0.7884112963761324,4.575130550621614
100,33,7,0.6830134569337464,34,0.04239624799420309,12.233865975945662,0.7375307443150037,3.2195523611808943
100,33,3,0.976472100801734,35,0.04841139043990869,9.573073190971293,0.7523851021799792,4.777895551848878
100,33,6,0.8385570311087058,40,0.03280040698090407,9.18947538934992,0.7772050922278514,3.8905428500489867
100,33,6,0.5793953276060126,36,0.020642436542869395,7.916065995499553,0.7152274163797804,4.976298655647275
100,33,3,0.7772672371858411,39,0.05079485522993963,12.185838551008255,0.7743093445479,5.113306165006905
100,33,7,1.1617036734500816,32,0.05169164444647742,9.901533299924843,0.7266880254203243,4.63672235097871
100,33,6,1.157400717651173,32,0.06335922750758614,12.168416613051786,0.7587804857680528,3.9383362741891066
100,33,6,0.7257631653591263,36,0.02579028462247126,11.814972328441016,0.7259859939502045,5.000761167293652
100,33,4,1.1291114390803085,42,0.058448294982619095,12.147003438567356,0.7700200919718572,3.9527704093937133
100,33,5,0.8616662484545068,45,0.06223685949456635,8.529623120151378,0.7758657075237162,3.38242031829997
100,33,4,1.1909656827844235,44,0.0419991581128764,11.89360014659081,0.7666096973204148,6.243513346123239
100,33,4,1.1828658775580196,44,0.024215433871970525,9.647350395030653,0.772433365718244,5.012767999631356
100,33,3,0.4746326486953463,44,0.034161489355396236,8.09545087928206,0.7955011440174645,5.777049967498112
100,33,7,0.9953017385964348,32,0.04217688229725898,11.280172439165298,0.7836917367963336,3.1108907020183767
100,33,7,0.8736105718280047,44,0.06243492105350505,7.030193441870924,0.7830295995658941,3.350782376681356
100,33,5,0.8936691354363371,49,0.029981434711752873,7.852215258445522,0.775551355474093,5.911052872929485
100,33,5,0.7431081583902444,41,0.03727958032519665,7.79277990261012,0.7542017581673606,5.632912357014648
100,33,3,1.163055387403612,49,0.03616965571934956,7.788351297202095,0.7622854044298267,3.481729665548122
100,33,5,0.926087808874453,39,0.02339744590356787,7.390000353096043,0.7176983252980333,4.379888423543656
100,33,4,0.9263655564630978,50,0.057954351062165343,7.421523983453336,0.7972181070847438,6.616283218095576
100,33,7,0.5338140522415717,32,0.033607048125468955,8.750498721681756,0.7876244580739589,6.77871032374045
100,33,7,0.732533492775929,44,0.04467330474685352,9.562011325476378,0.7814960354564312,4.577644133476869
100,33,3,0.9182877264888901,47,0.06371857453084662,8.4679202942434,0.7958707730088913,5.553639588475928
100,33,5,0.7784304479180226,46,0.024540388248733464,10.390270246566601,0.755555659033176,6.398009810085707
100,33,7,0.5961256171443117,35,0.045769984045598816,8.647275504750606,0.7773414368695568,6.057211023942572
100,33,6,1.0497643317247554,40,0.05160409474397622,10.396458475465092,0.7677803690271421,4.5930038629652605
100,33,3,0.9088514646561799,45,0.02506357162571002,10.789382040924316,0.7471057148725809,5.31343035068633
100,33,7,0.887218701614289,47,0.02217832751761255,7.139427659271401,0.7609961786176407,3.1151989921328687
100,33,7,0.7559285330136627,38,0.03177012494585685,12.620807392924043,0.799683571867163,6.55036501239416
100,33,7,0.9589830839380493,31,0.06091381280627445,12.38962404330532,0.7280349415970044,4.743710490758999
100,33,7,0.799724883066716,31,0.06727628240072807,9.220147021740466,0.7560322547825307,6.296399472291251
100,33,3,0.9510173531327025,47,0.0644814320487889,12.250076917830192,0.7951898365947638,6.839833621112294
100,33,5,1.1700346861929325,35,0.03767133406220621,7.651040621757473,0.72784720939793,6.334781165786029
100,33,4,1.0264325710849818,31,0.06084463415552736,10.35248802571918,0.7228996257697382,3.3876733490972155
100,33,3,0.6124562502294817,34,0.050921003874420036,10.699560453939082,0.7871456870142977,3.9493948671585737
100,33,6,1.1680742189429048,36,0.057109964778408906,8.81483272127693,0.7544131153476757,4.252652945899499
100,33,5,0.5188374340592404,44,0.032384599938864785,12.216042742389648,0.7689117002765768,6.332936845239077
100,33,3,0.5743985808260909,33,0.04939165615432249,9.736513167022812,0.7736091407455101,5.900721222875463
100,33,5,0.5746292285347784,30,0.044452972599833454,11.471016238748772,0.7727834459257458,4.421132770687121
100,33,6,0.8708080971888204,48,0.03447189219721819,9.550641579378329,0.7862370947561457,5.974725287918594
100,33,7,1.1785506061271214,40,0.027207515954496875,9.070400176428423,0.7254549673360179,5.521648943886422
100,33,5,1.1667538509150306,34,0.06125332690991339,11.222258891056185,0.7744273231094264,3.5417048229598227
100,33,7,0.9320791693135003,45,0.038846671591876006,11.707222826661798,0.7742318175233807,6.967817448410875
100,33,6,0.8670891773364147,31,0.027049437338989357,9.280891246322113,0.732106454332005,3.1334180144852106
100,33,3,0.9054512481940361,47,0.02827513132949553,7.993941154966938,0.7988009408134458,4.867949359798733
100,33,6,0.6866273084333112,33,0.022909300073003947,7.501123448563264,0.7656925370061289,3.5060408448034357
100,33,7,0.7347324583210935,33,0.028335348206434074,12.285197369605449,0.734363364937039,6.938807916536598
100,33,4,0.7901803781836199,40,0.05487933256612981,8.520030338053376,0.7803263236974064,6.04787515442473
100,33,5,0.7615407456306125,32,0.02187875429510881,9.1522446137705,0.7490827995622172,6.604420667694127
100,33,5,1.1193397934999294,30,0.03921970989024377,9.876986033031567,0.7436470725020513,6.071544662726488
100,33,3,0.9766510913140559,48,0.03615402781881809,10.080581117340863,0.7552833465965031,3.823890345981665
100,33,6,0.6562190623567078,44,0.050079379173263196,12.662091801104648,0.7691483685653551,5.124433158519405
100,33,4,1.1722130736326988,31,0.05524208640390438,8.955384267590702,0.7480451876390394,6.763598347578566
100,33,6,0.871408285845132,35,0.06841608039404873,8.919987529003281,0.7912583714629003,3.957467023184795
100,33,4,1.052225831641029,44,0.02679941765151001,10.919648076823625,0.7626194146087915,6.830035890079522
100,33,4,0.6785729885222042,30,0.03337373919909864,9.618815968892754,0.7950785414045181,4.5318714383459024
100,33,5,0.8094337880744764,46,0.03923246266193946,10.97110884764627,0.7979801842539631,3.458282958888076
100,33,7,0.683423753030626,42,0.06213266132406621,10.57157741339633,0.7804739190070532,4.418581936239015
100,33,7,0.6850327112001346,38,0.0393965559085727,8.181790733653692,0.7865912602977942,6.845294324179489
100,33,6,0.7615601967559317,38,0.029287270050350294,12.319424453714511,0.7807220399210679,4.338704059319754
100,33,7,1.059493683511497,30,0.059692039889288714,8.526122598952453,0.7301610573077599,4.239849347192124
100,33,4,0.9219254276699876,44,0.06928317522459798,9.32303779107739,0.774511190823026,5.730796862711354
100,33,5,0.8394130690288976,38,0.06826514333970442,8.883748448335034,0.7509036521957991,4.387218122833966
100,33,5,0.9838309507096283,45,0.058544586973131765,8.783110257680315,0.7746829109889048,3.7354982067004676
100,33,5,1.1005732554441185,36,0.03529757471769839,7.236473015988343,0.792305332788571,4.007882851414212
100,33,3,0.8080418617764062,30,0.0307137293977947,10.548066620130914,0.7812192209537554,3.1657866584406538
100,33,3,0.982953254169053,46,0.03251696520934094,10.603400006031002,0.7701652183201038,4.819094510630013
100,33,6,1.1552516235773536,33,0.04453828748955932,11.685057919911252,0.7738368175891996,5.320474577612842
100,33,7,1.0171670047836714,31,0.05348025559731506,12.33138600155555,0.7227694011094007,5.455766598052149
100,33,4,1.1314691293231909,35,0.020632411184700734,8.631198812472936,0.7491686429802034,6.251940305462071
100,33,6,0.6650995984104882,42,0.022068564613207102,8.425279855992525,0.7589309917824196,5.063927118793497
100,33,5,0.7723064431184259,31,0.055445471436696064,10.023613006761135,0.773550242262974,4.676766545054763
100,33,6,0.7969519611225832,32,0.022005790109038803,12.521874593710887,0.7776988259399581,3.361149955711513
100,33,3,0.8430405502088635,35,0.04609216864363541,11.111659506576189,0.793116022408146,6.128120346974422
100,33,6,0.9819797652277246,50,0.03602098490766813,11.986211733157006,0.7478172707713449,5.069187455091108
100,33,7,0.6922075868874368,44,0.0639539343447252,12.380876475119814,0.7820348026599792,5.769678895297546
100,33,4,0.9956899279550558,32,0.02476463828745773,9.358154206170443,0.7348587499636774,6.244403324494735
100,33,5,1.104737810137108,30,0.049529448249701985,11.963506970916555,0.7832485883955531,6.015339976430996
100,33,4,0.9624811485354151,48,0.034288835438522056,11.247611143027067,0.7946668037229563,3.975275231728783
100,33,7,0.8538226538027118,45,0.021962582494924554,11.333665757364011,0.744817287799902,5.535067000550284
100,33,6,1.0037512180524129,41,0.04194250387308428,9.442713925581444,0.7438443920665456,5.123220975417957
100,33,4,0.9021650537982278,45,0.056762106839526955,7.259973395424417,0.7882529752617746,6.822339113090122
100,33,6,0.9964922201850973,43,0.06465637609806198,7.572581674863229,0.7928247532480244,6.846206363738789
100,33,7,0.5629252404738158,34,0.047039190724353475,11.450090903292349,0.7732607395392908,5.106485408063306
100,33,5,1.1061659101454806,45,0.024013118158740097,8.227536325946089,0.7754067876709517,3.472297750241411
100,33,6,0.9991604925462848,38,0.05524000197270387,12.363204901545934,0.7888379098951718,6.174347519575088
100,33,4,1.1216658259976842,41,0.034110247403938775,10.09820115727951,0.7821046820037514,3.7866696286750265
100,33,4,1.0494095377004347,46,0.05456027429465227,9.3451160002815,0.7365279822563737,5.364516114257917
100,33,6,0.9039121027523132,30,0.04019551914882609,8.223796082898478,0.7950942133456653,5.613338594957418
100,33,5,1.1396760138058655,44,0.029321996476731678,10.090615270994999,0.7945434863170033,3.9574397987461882
100,33,5,1.0222265223498996,42,0.06946508883145164,8.014498353564726,0.7587643241509505,5.3769781489406
100,33,5,0.8485842913170235,42,0.06829136046580465,11.422811347443734,0.7469089812970302,3.52470155299586
100,33,3,0.5829406051567277,34,0.02768445051626866,9.571431672845511,0.7598665406798892,4.521417621902531
100,33,5,0.9492100580059836,44,0.05851522845540208,12.857720530786942,0.7684072823631705,5.226037740710856
100,33,7,0.7537758590993822,39,0.028866184638582114,8.406966748187513,0.7791610949484804,5.015702748237624
100,33,3,0.9636063235717476,46,0.04783893186752808,11.776071160311465,0.7675560308441166,3.9426175691887595
100,33,3,0.8220265040379324,30,0.03338541735192651,11.3012272292832,0.6734654174586937,6.054278707597756
100,33,7,0.8667387265410504,44,0.059567748939920104,12.418066511340102,0.7833955785960454,4.70599315665371
100,33,5,0.548910447128039,38,0.031872511098698805,10.685684733109767,0.7630885660776959,4.983149690897702
100,33,6,0.9577384445223599,33,0.027683261235101526,8.736272876918287,0.7354598926592331,5.690441357474221
92,33,5,0.8434006817947932,36,0.03210439226741422,11.244559484335625,0.69345987813978,6.178314519170501
83,33,3,1.0968825992791573,42,0.06454961576977455,11.834713512635929,0.7432775423404789,5.606726295072939
68,33,7,0.7567225146061418,46,0.05470340059446056,11.269372277684926,0.7437236127257196,3.827425648883072
67,33,5,0.5501003246203586,36,0.06653674472333547,11.082473452576187,0.770632128219852,3.349162365603724
62,33,3,0.5893421944844189,40,0.03772610907727163,7.163899998706114,0.7406016580340928,3.8161568902789123
58,33,4,0.7655909719448413,30,0.049406713985143735,8.259212410067176,0.711296588522226,5.703142914555609
57,33,7,0.4063923364578603,43,0.06889587781487974,7.653555801300244,0.6267793240071455,4.060894380566449
57,33,7,0.41425006243970863,45,0.06597346517530364,8.992890583011173,0.6510173572426368,3.5562066814965303
57,33,5,0.4049420575850737,30,0.06881850423167045,12.569318454410261,0.7151324702481859,3.5413864802257113
57,33,7,0.468381017865151,31,0.04128092426598727,11.568109471699962,0.6493496672348811,5.68367290539892
57,33,7,0.4441716132119775,39,0.05215248731064809,7.888554021263569,0.622639112850987,3.6435083828555324
57,33,6,0.4050451158207959,39,0.03434448595794016,8.553179483595434,0.7787288355173705,6.334837020952788
57,33,6,0.421766034374796,32,0.06581431771996242,8.719632240005796,0.6278964348698675,4.054861068880138
57,33,7,0.4513468342655144,46,0.043265783548550374,11.664456716113568,0.6884645589664196,4.659324436241228
55,33,5,0.41504922085552204,42,0.05118279795390866,8.397255973380092,0.7644884343930672,3.9134581286885584
55,33,7,0.47799490556012975,31,0.06968820669327783,9.35190093818004,0.7354541651075546,6.824817480724949
55,33,6,0.4390221245592345,46,0.021829654461991227,9.344122046734027,0.6716683625146808,6.863674540670981
55,33,6,0.44304326893969254,31,0.05202796665304925,10.989328078934651,0.7220086682563756,6.625108382822976
55,33,4,1.0500927934019764,43,0.048999667300973285,8.09991528172041,0.7371544980673248,5.188677876971518
55,33,3,0.4198699254012403,43,0.04601324700809638,12.065907931094705,0.7663624417430719,3.589704538642231
54,33,7,0.48296615584032054,36,0.06506243239401982,11.829594732032238,0.7072120798681201,5.145714129160006
54,33,5,0.9120891935370768,50,0.05690768984600239,11.665529078345127,0.7323656748548999,6.854019112244366
54,33,5,0.4145380807108306,44,0.03150846602379204,11.619908529275435,0.6516701958208402,5.150461695579855
54,33,6,0.4604107577630594,46,0.06711552670320259,8.22424907590371,0.6077484772090138,5.456017552975223
53,33,5,1.0811446903351447,37,0.04884245936945755,8.405785244416531,0.730334251030101,6.490529849270231
51,33,6,0.45451425838416615,33,0.04764797902857419,12.829050304412965,0.6852120981930313,5.05495284691175
50,33,6,0.678171109871321,44,0.02478420330300187,9.865133288229828,0.7210376739740417,6.887101014174176
49,33,6,0.46480498457040365,50,0.03776180880478592,9.647576551398455,0.6070621903986845,5.321445459591715
48,33,7,0.49368855528758165,49,0.0429212419612683,10.680448295741723,0.7257751659606454,6.137079993861022
47,33,6,0.4628981301538305,39,0.05934713171570126,11.622794968961234,0.715250325634058,4.216844030672213
46,33,5,0.8705072308667483,40,0.03342673141790413,8.999774337697957,0.7098585289023556,6.550530922116861
46,33,7,0.49146537525206724,46,0.029730763840620178,12.627881233727132,0.6844531975164062,5.2129481557484265
46,33,3,0.5848795318031291,35,0.061200520179424886,9.556090889949694,0.7570954219736066,4.383284517158243
44,33,4,1.1897319347882171,30,0.03549256869017754,10.808873158966218,0.702185246334936,6.882196645248667
43,33,6,0.4550596914278738,31,0.06450988796081163,10.447943806227595,0.7913802861359258,3.487004025998267
38,33,6,0.4806737250165585,42,0.06535946287060765,10.862693486978483,0.6130235526471326,5.702489311127611
36,33,3,1.1935086028974524,34,0.028211752302465153,9.567235981249436,0.7181830337354423,5.091548652405322
36,33,7,1.1722580728240133,30,0.03340760448065909,9.598898478719441,0.6859386522580859,4.837131319241049
35,33,5,0.4549949538035108,42,0.03685566096688097,7.628960240444641,0.6185079714095456,4.291423860504901
35,33,5,0.6180652834355532,46,0.04325535879719856,7.331614870428434,0.7528811516633905,5.15748613438131
34,33,5,0.4565100125085782,44,0.06695572937628862,11.156323445370994,0.673101819731704,4.112001171630807
34,33,7,0.9053832853034753,43,0.06200732471800814,12.07867886190008,0.7300196253154201,5.982231165007137
34,33,4,0.40485190550622,47,0.061394663741086486,11.790557023941343,0.7070890446667759,3.515691071261464
34,33,3,1.1335900197840254,45,0.0668408558918046,8.861200571263222,0.6856169795085449,6.506131487282339
33,33,4,1.1192826834286178,30,0.03199595210948783,10.489735829289621,0.6717553627950626,6.924435131604331
33,33,5,0.46567847444470856,47,0.045847281351821534,11.418061039841955,0.6235990302669506,5.8502612631565825
33,33,6,0.49783408001443574,41,0.039282866871773556,10.953695691083595,0.602736179347349,4.148536878164638
32,33,3,0.8921484865409288,50,0.03118551653113342,7.809139713246887,0.6069950450433609,3.7305303787429795
32,33,3,1.1927532285449804,38,0.05979541157868144,12.218792757485613,0.6162283199519505,6.44952539237855
32,33,4,0.41664647949263883,40,0.032109012096229766,8.699540687002969,0.6287023541288524,4.2285950998256165
32,33,4,0.42009327237270755,49,0.054755964072642827,10.941829766531574,0.6740750939270881,3.9827172765138843
31,33,3,1.044197106399924,45,0.06312457751129273,10.712261244458722,0.6653633453321341,3.5128346895874842
31,33,7,0.5135265367391302,41,0.06482609957255561,10.890196754480007,0.7366925719764673,3.2504666873925445
31,33,5,0.5014132187364565,43,0.06461738834390388,9.200611140944961,0.6083442041614453,4.510711440096013
30,33,4,0.49031665418848025,43,0.0666483871642525,11.716072163851067,0.6156871581727501,3.9501641648274246
30,33,3,1.050583484551842,37,0.06609809701938385,11.274742188124616,0.6072310463037515,4.801542784613671
30,33,7,0.5357957926557793,41,0.06360332766564887,9.552303381077337,0.6328277784587779,5.367373134153468
30,33,3,1.0382802293864,41,0.05204345595801586,8.899137920634145,0.6564772431073504,3.491120183825918
30,33,3,0.9847661035289554,48,0.04666244900333076,8.62267093001531,0.6564353061775579,6.600955892675185
30,33,4,1.1624933940687088,50,0.0576978698972109,9.794393860631278,0.7458790304096048,5.707701834380113
29,33,3,0.9545190511588838,48,0.04946205339899049,8.989361758098703,0.6481505315158212,6.49447974010125
29,33,3,0.9627075344548205,37,0.05580125739841227,7.53056106872922,0.7293393755957486,4.510954401280117
29,33,4,0.9632389902197037,43,0.05857347880165467,12.032786252546064,0.6437838792363899,5.497812697986449
29,33,3,0.9209096611390677,42,0.053875215427929224,11.970262102667567,0.6420024193518091,5.626629480147071
29,33,3,0.5539424082149214,36,0.0699356472912319,11.876232686039689,0.6197985846074718,3.196089065412134
29,33,7,1.1792546386173022,40,0.06546950644401564,8.232483453980956,0.72068903661984,5.705997844101104
28,33,4,0.46368177001830024,45,0.05740959495605544,7.578147771734354,0.6660183596211713,5.986624816943696
28,33,6,0.5332467385594117,43,0.03878041344175244,7.5009887700585605,0.6043016701537891,4.458094034410458
28,33,3,0.4178385020018624,47,0.033238567259910035,11.195125566797778,0.6600420846583218,6.03972017849677
28,33,4,1.1301122117732736,33,0.06111155215356044,8.329719058479636,0.6290063384214446,6.637218087124445
28,33,6,0.4643059218760664,37,0.022477804793091395,8.41549026469006,0.7502580065469947,3.3893672366526273
28,33,3,1.1743749008551827,41,0.044497810695149756,10.929584461246684,0.6438627635744465,6.427769882403082
28,33,4,0.936355909795681,42,0.04892196896194441,8.510858759034782,0.6195668261724908,5.727323917731013
28,33,5,0.6076059570006362,48,0.06492974578269702,9.705126689074397,0.622724940604409,6.301169389091458
28,33,4,0.4490248959880792,50,0.043444342334026505,9.869243890511383,0.6680997045799247,4.966366334320846
27,33,5,0.4783000191398607,42,0.044785979744606935,9.699122634731616,0.640441563528231,3.3282150187452477
27,33,3,0.8629887480533308,38,0.06220455865812377,9.828740177608479,0.7093753988653263,6.761198964299647
27,33,4,1.1576392759500551,42,0.031730508044628944,10.462606537629362,0.6406497145584632,4.430264448014638
27,33,4,1.116982320696716,40,0.04490835336624669,11.308857664407828,0.6240697459987424,4.027165550177182
27,33,4,1.1341536934164531,48,0.04503261681334117,11.7675175759381,0.6796065121780478,3.37604209480587
27,33,4,1.0675296093492306,34,0.05790361927320674,7.581567636004456,0.6270783587495382,5.089526546424693
27,33,6,0.48659490059994415,34,0.02706367873947471,10.86464628971947,0.6944150605949571,6.487574885410433
27,33,3,1.15842479017766,40,0.02915057595158857,11.534120698448005,0.6027360448718785,5.15492117042056
27,33,5,0.4552004060798391,36,0.05302539578600801,8.05328150572414,0.7176633347856574,3.047686426658683
27,33,3,0.4338776850204198,37,0.041246643607760536,11.931328804064616,0.6322888544787355,4.572495325364574
27,33,3,0.8331306287038952,38,0.052017069226480514,7.264727652652484,0.6077729843524818,4.746774504281222
27,33,3,0.9558320647215527,44,0.048150510597586384,9.112059510942984,0.642536362110446,3.5750122237486908
27,33,3,0.996252684671184,49,0.04963483030950525,10.341924819663653,0.6862366935314484,3.1245259285714093
27,33,4,0.4249160698031865,39,0.02312160209720398,9.505620174913439,0.6633142386680565,6.611210558059613
27,33,5,0.458745401962846,49,0.025927777379034227,10.034923940601843,0.7147443168344708,3.86927996281092
27,33,3,1.160624727528492,45,0.03539912279925363,11.821141777123652,0.6485279455863167,6.510707279595085
27,33,3,1.1160851051026182,33,0.06585665185501904,10.63158322524023,0.6866211539702458,4.460738788115881
27,33,3,0.9421392923626676,41,0.04893589300461826,11.945384253078704,0.6216775356276857,4.503445601214684
27,33,4,1.1294847846547946,44,0.05741249574230056,11.398478615006287,0.6679957649720906,6.285653308627671
26,33,4,1.1002183991401897,46,0.03439310209927458,7.561123576998445,0.6500539916895585,3.845690890829002
26,33,6,0.666981574706369,42,0.06950973595245297,8.157108161186034,0.6045783680377508,5.211694383118692
26,33,7,0.7019729990342658,46,0.06816946257754863,7.350626372043177,0.7726200750851836,3.369777587021397
26,33,4,0.9251228587260713,36,0.0586573211265987,7.647198214705135,0.623661320881247,4.468608033980772
26,33,3,0.7320641370728332,48,0.0627913644611093,8.098470622340681,0.6300079031708917,4.975549210820464
26,33,4,0.8319022643936587,48,0.06676073245647478,9.197005603931704,0.6202833896894627,6.047664671476285
26,33,4,1.0611585768061453,30,0.05968025789684686,8.427638865910883,0.703474040499498,4.255002361641085
26,33,7,0.5861669963121241,50,0.06123932186693805,11.969157308951996,0.6669362635785725,5.350015438766658
26,33,3,0.7032920727801951,47,0.06828952037068726,10.460593679061962,0.6521406719251825,5.901512761488742
26,33,4,1.0831470646959591,46,0.04794117797468894,11.930557904169188,0.7319295492149692,6.021219917949016
26,33,3,1.0256663159628525,35,0.021398303925254047,10.420564234869694,0.6908971728758297,5.026023085783972
26,33,5,0.5578839165803006,46,0.05590686766373715,9.875714289087483,0.6253978630899009,3.7309887912133775
26,33,4,1.036057364804691,43,0.03596878664350022,12.705201078380675,0.6014757226571262,5.044321482014823
26,33,5,0.5243742903323395,50,0.03017588729585684,7.581322084064584,0.6500274028309182,6.551653742205753
26,33,5,0.4686792943854761,44,0.04217424525125983,7.488884647774444,0.6777196738379513,5.571428846602229
26,33,3,0.44310990281691975,44,0.06254100611895881,9.062835803276101,0.7059200808927343,4.951545233054784
26,33,5,0.4620589635039375,40,0.026814001993616186,9.987989661336993,0.6685956259733066,3.3180240671491217
25,33,6,0.5266066687095986,36,0.061258779925514914,7.621422015009856,0.6373330807443562,4.317980571885045
25,33,5,0.9771776865681767,42,0.0680523657594178,11.290951101822486,0.6262869920094204,3.7080588777918875
25,33,5,1.0577665606139097,38,0.037540595318678774,8.735448051642136,0.6229316460834938,6.154448166933419
25,33,6,1.096787020572075,41,0.037531328905786046,7.715539121506614,0.6062001130454399,4.266518778868312
25,33,3,1.0099411979133919,41,0.06089419698605643,10.180301058061065,0.7203633799643462,3.698132385588265
25,33,3,1.1758477722929221,30,0.04589927495192773,11.489467886843808,0.6961207949869779,6.235477701854739
25,33,3,1.0277075644944156,32,0.05106663856973488,7.256655051977121,0.6790598006723173,5.864988944490341
25,33,3,1.1309632144005028,34,0.03866415731132168,8.351001793848866,0.7224214171697094,6.6282746111625634
25,33,3,0.7150523019982622,48,0.04628413889610987,7.840428188440107,0.6549800795517463,3.35709655052823
25,33,3,0.9244115903931648,35,0.0375849057529549,12.155393330280544,0.6203820141582013,4.76152950335794
25,33,7,0.7826924027487592,40,0.04302255506335713,10.522069961251619,0.7239230501267487,5.916394333420849
25,33,3,1.178373624805525,33,0.057350762843343825,7.851912614587057,0.6917280332550139,5.3643148662359375
25,33,7,0.5360317975384128,39,0.05950154310737006,7.75931608601419,0.730870278457788,6.473638219807347
25,33,5,1.1313347942004202,38,0.025239940176827326,8.948533739595502,0.7022076535360048,4.152822330890642
25,33,5,0.9883919294070711,42,0.04446392718097292,7.966811770428613,0.6118655287953177,4.720697724171659
24,33,3,0.8984478506451006,39,0.05493406171592005,8.377235311647382,0.7051347992905719,5.883276199630259
24,33,3,0.5168715708367367,37,0.06358549779730532,8.181775309555634,0.6923525483938531,3.743223342094092
24,33,4,1.0919105228405517,31,0.032056600229568175,10.602222337042512,0.6692455029128651,3.7992375622786367
24,33,3,1.1964226490538046,43,0.03015777591447587,10.929862915882424,0.7078895991562157,6.981519459097211
24,33,6,1.0505808891589843,45,0.04942329429396576,7.847616471200018,0.74289683371605,4.341274646917347
24,33,5,1.1067579292060907,39,0.041960013186742175,10.154301587761903,0.641012613415756,4.604556177483545
24,33,4,1.0883954016167454,37,0.028800567517352688,11.0337006230568,0.6178358006387468,3.2952493904846336
24,33,4,0.5765262800705456,47,0.05344314219204191,12.472866868730442,0.6488689014061635,3.647405743795139
24,33,3,0.7932769050941157,40,0.0520937367162517,9.127809656643214,0.6403117608794118,6.740717757050817
24,33,3,0.9463899606286272,43,0.026914287281327904,7.633437622543146,0.6650466525191095,4.034083338067622
24,33,3,0.7634149441434332,44,0.049963343586596015,11.093521010881997,0.6118254810594999,3.687502939048702
24,33,5,1.0006706955302567,31,0.06645156403253231,9.356556114314758,0.6270851831408419,6.437343297353326
24,33,3,1.0212884549163839,35,0.020144088242124308,11.830056662506525,0.6348880225056218,6.009240867388296
24,33,6,1.149211464057252,48,0.057735685969678194,11.405277646226523,0.6351111760947898,5.117172118919429
24,33,7,1.087907451479072,45,0.05730135419025889,7.8227561314310625,0.603582642892276,6.006186228002733
24,33,4,0.9629397810237487,39,0.03626802507839871,7.428422521779487,0.677708110996325,4.566420188968445
24,33,7,0.5604116910190962,50,0.057368126674929146,11.149880520728287,0.7341253762989424,3.306462276846246
24,33,3,0.8053053354645411,41,0.06836995581917442,12.874775531541644,0.7020196223425516,3.484150059133228
24,33,3,1.166641679350907,35,0.03600373615164784,8.366410789352626,0.688596876889127,3.23074551879363
24,33,5,1.1102148191096077,45,0.02865185916043354,9.004607917479328,0.6503957807758867,3.0719915757835485
24,33,3,0.5024724769489094,42,0.056907834367218815,10.063556093959066,0.6553757123409055,3.7956918360826206
24,33,4,1.0982980938836597,40,0.03695714905035512,8.935955686215086,0.6604843856690674,4.23977903449481
24,33,4,0.8728002914290103,47,0.06433034640287172,8.71481676975831,0.6804595699113076,6.10845191883193
24,33,5,1.0973331021408546,38,0.06690655009733551,9.590054716476214,0.6671526501624915,5.407567059430665
24,33,3,1.1357024647328773,37,0.021557462814853105,12.673079575350854,0.6489444464336389,4.579549258712825
23,33,7,1.1172449620420064,44,0.04266800868204107,8.918512083078213,0.6018467042331891,3.1871867303672516
23,33,4,1.0467977181830035,48,0.04799124067184754,9.650936801041325,0.6743159000964377,4.821211164869985
23,33,4,0.5521312289477984,42,0.03854220795865841,10.115379018859286,0.6263573480799991,5.963044100801481
23,33,6,1.1742294680307872,32,0.03961630621165225,12.518598254313513,0.630984317360595,5.106902244850696
23,33,3,0.8699636140186657,39,0.05017426568938067,11.780078871879292,0.6549189345160477,5.66908470240809
23,33,4,0.8376625253243212,40,0.05496735070870776,11.575204015254496,0.703705303956948,4.741650802159951
23,33,4,0.9903672342510311,35,0.06296479881875101,10.450639060488637,0.6953272214156896,6.5423906063158865
23,33,4,0.7961408197823188,47,0.057594876304705445,7.39430877545683,0.6329173369649771,4.6005851819874675
23,33,4,0.603273225104207,50,0.023342906038138468,11.918901636335452,0.6074778878467297,6.983878466486466
23,33,3,0.49045311651083834,40,0.058388750595289515,9.26933523426235,0.6839375913589504,3.8440013102611985
23,33,3,0.7866643430917357,30,0.02992425641631604,8.163284750363008,0.6035382683814274,6.307754683089324
23,33,6,1.1826709987339887,41,0.02413056616375951,11.927398516425464,0.6375503981784093,6.789581774367344
23,33,5,0.8018371004297558,32,0.0516823577155327,8.57942815880946,0.6404559246915742,3.4516593645762805
23,33,5,0.6707555013110517,48,0.06209981196768004,12.362434825495725,0.6257721550582982,5.078261703487289
23,33,7,1.0873400908734263,50,0.051396643394358316,11.309385512942821,0.6258621150681938,3.632388385544987
23,33,3,0.7486927045057794,48,0.02923080937151083,12.619351932858084,0.7044931308340058,5.828029438556449
23,33,3,0.7055309347295506,45,0.05806680115385143,12.468476512467756,0.6725258343848679,3.5814502480480623
23,33,6,0.8240553784857854,40,0.060671119135683294,12.510587657970405,0.6003102671682558,3.5099823956817198
23,33,5,0.6931972628160143,45,0.06335380059083424,12.8082887544197,0.7509393821233035,6.342416402599806
23,33,4,1.0703363783850546,38,0.025011815269853112,9.487081461979233,0.6260262148637675,6.200086637771774
22,33,7,1.1697561953439182,34,0.06997877058409889,10.167220368558688,0.6131576768389052,5.525940074492661
22,33,5,0.8073420425531793,35,0.05178684429551447,9.683655613006689,0.673033237705718,4.747760336749886
22,33,5,1.0412530430288724,38,0.04751897529642743,9.253710430437513,0.6791278917442426,5.844215354829046
22,33,3,0.48383197470365485,47,0.041828778776971554,10.991032722702126,0.6911736798408115,3.2396986731903197
22,33,5,1.0879896678025776,33,0.04525069293466115,11.777316434251913,0.6464167207251023,3.172194986311577
22,33,5,0.9606477818489184,38,0.06420483121973025,12.658556879707298,0.6174367181534369,6.643517447830845
22,33,7,1.1902632023678192,42,0.027735683285639117,9.22575689039914,0.610292354113394,5.8819587490107015
22,33,7,0.706379750803576,39,0.06787570227862548,8.614996637007096,0.7524480194483503,4.143763993962768
22,33,7,0.7927119912415497,50,0.06476249653008591,9.151688506583003,0.6594142168111982,4.120526097278068
22,33,4,0.8276291506011092,36,0.06131849356800276,9.725896905852291,0.6304790615531158,6.594033925205791
22,33,5,0.8001607733535472,50,0.06912717242507703,10.690166059131265,0.7205640226364792,3.4947000371796793
22,33,7,1.058853826667891,50,0.06694418834774002,11.921305056239078,0.631776028266947,4.032158553986619
22,33,6,0.7669380221610291,48,0.06729958357329717,7.858317767092507,0.671428293877431,6.979775786191226
22,33,5,1.062583807122048,42,0.03954057583815031,8.2177544963629,0.6744957756835769,6.101592849131757
22,33,5,0.7264165379686393,47,0.03824601419846781,10.35307366317712,0.6175664466401513,6.551919705873371
22,33,4,0.9418932118372292,45,0.05798609157039508,7.0703120356509945,0.7265181714442513,3.766034458825195
22,33,3,0.8199709945470335,45,0.051795660271062166,10.002702829738892,0.6973644409507986,6.4247821404045276
22,33,7,0.5587112327684904,48,0.03174398127591076,8.948839448179573,0.6843362568487237,6.705818237889972
22,33,4,0.9041133916607605,41,0.03737032580169682,9.613300168942551,0.6394067720694396,4.660965784126861
22,33,4,0.9484766840821302,30,0.033191128278958086,8.461973946543475,0.639639297779198,4.9360697240938105
22,33,4,0.8396966735554618,42,0.047005239065732285,7.744969098941346,0.6941582554745502,3.8041477714197027
22,33,4,0.6844359345416899,45,0.0423516909675516,10.439206412142962,0.6056184283435865,4.101005759452036
22,33,4,0.8678097121347721,47,0.05930624518629175,8.111715906695114,0.7015559370384981,4.881619976044236
22,33,7,0.8573726508531159,41,0.06628388717829096,12.139983641309513,0.6154690350336738,5.141511665906732
21,33,5,0.5407549536762296,44,0.06811753506109128,11.585230986523925,0.7265648485947087,5.43945730831655
21,33,5,0.6588527512565159,48,0.056341237827241986,12.894576946592199,0.6449079870450338,4.817743631174256
21,33,3,0.5522147472540084,33,0.027634363279469564,8.093731758322464,0.6238441392307164,6.1543264074828254
21,33,4,0.6016148723514925,36,0.059546047544346975,8.731828348597556,0.6995794200726966,3.0310936083038515
21,33,6,0.9585385376222205,39,0.05807162967450573,9.740508775800246,0.6296116495183198,5.9508444883147895
21,33,7,0.5549971648110963,36,0.06007084232510296,8.485360391804454,0.671426771575027,3.942680106595212
21,33,5,0.8855526292018827,46,0.056391786604023345,11.215041701445914,0.6642202835553487,3.0812058899140413
21,33,3,0.44501808495870565,43,0.022519364018268383,9.214294986230087,0.685967054030433,6.649346854988924
21,33,6,0.7045313576800096,43,0.05196607909033059,11.414664273423103,0.6078723907200135,5.1225258277886425
21,33,4,0.5395368798668023,46,0.06981825773549236,7.174089503659488,0.7173585403253127,6.30425462772969
21,33,7,1.02107045106507,43,0.05776833864969222,12.10422442043149,0.6336372939908144,4.93568297844912
21,33,7,0.7710922149425132,40,0.051958841434871714,8.409336105310068,0.6046830430978201,3.314597849522931
21,33,3,0.4952683662642975,38,0.04872450712537947,10.988746335423075,0.6583325714869663,6.944433576191414
21,33,4,0.6813505633446753,46,0.0497495650957447,9.810217910126124,0.7104241313110607,3.8111314714555258
21,33,3,0.5337774630139985,34,0.03169886025550557,9.811906651353958,0.6377781689222572,6.234205244799788
21,33,5,0.5755632799810249,46,0.049032530319746526,12.166131704159431,0.6681224886480683,6.804461029932794
21,33,7,0.5967314037162288,48,0.05529175462987522,10.358029062138343,0.6876852101826906,6.3190452100066565
21,33,5,0.5572086654834923,43,0.04615957887820664,10.94132971538042,0.6584891630080075,5.0620837820887274
21,33,6,1.049598869839857,48,0.036951562292923165,9.468734003761242,0.6464745278052831,4.0737949689035275
21,33,6,0.854094699005619,37,0.057113248277246176,7.134193999862713,0.6341587737360428,5.369580884560691
21,33,7,1.1525488231801055,43,0.053163446370221884,10.24537357326058,0.6434006902586287,4.376234500589819
21,33,4,0.8928471952307753,40,0.06296610201996267,11.3983085440688,0.6709816321947775,4.276270410625324
21,33,5,0.6808027225822249,39,0.034343783753140705,10.999333482482063,0.6002252508873492,3.6334235248547055
21,33,6,0.750430079273547,50,0.03897707380070857,10.37843822894633,0.6278606247055536,4.492082100196311
20,33,5,0.7596870906618656,37,0.03438979406291059,12.467985096166831,0.6320356384815772,6.87113021494354
20,33,5,0.7709762654683736,48,0.06836340414549394,9.33985686083388,0.7119695493771309,6.07574463213096
20,33,3,0.530358957672167,37,0.0476569586783262,7.656023636020625,0.6648086830861409,4.859766260870465
20,33,7,0.943468272206935,48,0.045963378623499036,7.681699078930336,0.6629960385880285,3.0012312066425806
20,33,6,0.8265703954093049,48,0.0408092778133428,8.903162011157512,0.6648078776874766,6.28819302456899
20,33,5,0.9707180130348757,34,0.046961451037621046,11.893010378076557,0.6315463358190899,5.606882384330019
20,33,5,0.47807835289243417,31,0.0397693218437814,9.184370087408851,0.6570986517160651,5.116748954119865
20,33,4,0.4455571718523258,46,0.05996435787674938,10.95830197304019,0.7382819615919607,3.6441367298619958
20,33,4,0.7715350288217777,50,0.05603284036935527,12.098481461790067,0.7134776998838988,4.228865929482964
20,33,6,0.6727260089390261,42,0.038802438850726526,8.74300741058895,0.6039512647988151,3.616638278271844
20,33,7,0.6876521424106007,42,0.03689239461751205,10.038364619106048,0.6127112272389107,6.2657235369372675
20,33,4,0.46225371857318215,40,0.0617334793198389,9.520576857687205,0.7501752958274458,3.3416386612106916
20,33,5,0.653870100353971,32,0.06476015433832641,9.115208883737466,0.6431810312692565,4.556858403257756
20,33,7,0.8631097147742548,41,0.06638797383023426,11.893587644456424,0.680490301492259,5.81989989622826
20,33,5,0.5299678287165289,34,0.05671031920000226,7.127279959511525,0.6757926364679021,5.607052855818893
20,33,4,0.990255085341512,41,0.03699186649579288,10.365554835406071,0.698290778658318,6.832011647517705
20,33,6,0.7702423850723803,42,0.046648245164655745,12.760881598188515,0.6448258602392726,6.727848226695518
20,33,3,0.6766759651195795,44,0.03599274379864721,9.017534094228653,0.6666869603394221,6.367745444276349
20,33,5,0.5197791110443577,30,0.05332402470186676,12.562231979910838,0.6306654479811269,6.976706142223634
20,33,7,0.9387862103046717,38,0.05872907710787369,8.08540982434274,0.6463231790183055,4.893919500154819
20,33,5,0.9748879125525761,45,0.05111897181930186,7.066102039727969,0.6699320561904772,4.899396278535315
20,33,6,0.9200395937498577,49,0.053613199027521735,9.349968005541289,0.6865491748909488,5.8970533948867745
20,33,3,0.5412416126829568,43,0.02545185702770808,10.96805266968397,0.655376179861488,5.90243958956788
19,33,7,1.0295058635687329,47,0.03710908804732284,7.316684602351383,0.6609832948377928,5.4772333376592774
19,33,7,1.0313882305616278,34,0.056169078536534925,9.856307977030324,0.6548838519788952,4.563403219520157
19,33,3,0.6571094974399,37,0.047331714072840966,12.014063394565182,0.6392514821556051,5.578125677376068
19,33,5,0.5669950964297218,42,0.049931224689521395,8.328965939287263,0.7102917578952168,3.846820041290782
19,33,3,0.46885353132907986,40,0.02494585494065406,7.918322421803617,0.6820768689754818,5.405365106953828
19,33,5,1.068108875998603,35,0.0442376787275074,8.763773738540499,0.6998114047906041,3.5830232850043764
19,33,4,0.6368705209174296,46,0.035160160393154165,9.598656570770348,0.6629158149763109,4.215747028310325
19,33,7,1.1355593075292625,40,0.03957851526449757,8.822158934832835,0.6780580501691986,3.4101185318043936
19,33,6,1.0327827356942745,35,0.06265676794892487,9.932305051516888,0.6791441750678616,5.692357751938106
19,33,7,0.8148314626905613,45,0.05326851328155632,11.290631632398823,0.6589856567217203,4.324972868515883
19,33,5,0.5179824640778034,50,0.04466080305089111,8.556119165862063,0.7510222770685372,3.0896628805751645
19,33,4,0.8646085163558664,42,0.028807334197854063,12.438130736338074,0.6781913079328679,3.8604789408549944
19,33,6,0.924757342628346,39,0.04121539358413612,12.58317804872785,0.6250971393066086,6.903159399437492
19,33,4,0.6516490359840685,32,0.029115384943426074,7.961564958095195,0.6182790476850327,5.71740340486344
19,33,5,0.6851407886340832,33,0.06319298355919763,11.047455552089389,0.6469176036458157,4.880320498544494
19,33,4,0.6024305621391179,38,0.04854735313246425,9.53723608489275,0.6474133551862407,5.5504316463681445
19,33,5,0.9765588130167537,36,0.02066569234287383,8.74005918180567,0.6190282346988739,4.586932160886925
19,33,7,1.1349314581227035,43,0.06412229802766257,12.084527370036884,0.7306696945871209,6.636230602461987
19,33,7,0.9522306867402771,35,0.05053538608090005,7.027375455000377,0.6266844664167126,5.324758183558549
19,33,5,0.7760604413422761,41,0.020447941682183807,7.656203558665485,0.6160195212812448,6.270100612458113
19,33,6,0.6650801955107348,41,0.041441046416612067,8.808333019554878,0.6315852433976833,6.675708166016335
19,33,5,0.5389564854873347,32,0.02560786335166638,7.411407041986884,0.6056843532819275,3.6857570339848165
19,33,7,0.9346081656624806,42,0.06005933569895089,9.663704170517754,0.6798860072560888,3.3943739941393467
19,33,6,1.0860566724095213,39,0.03409134854757638,9.30804505530594,0.6622813621563832,4.739964641171241
19,33,6,0.6093948262710187,46,0.04275201073225505,8.1108077616294,0.6675689775283755,4.013567519854982
19,33,7,1.0609987081945689,36,0.06165256611294666,11.328767474029679,0.6427700786524274,5.815376866197281
19,33,3,0.6328604624832034,44,0.03693796268992982,9.54976767604678,0.6937928065246182,3.807605514910418
19,33,6,0.6661701585079025,44,0.06720193098273312,9.825355086713474,0.6776565514504904,4.992723677573863
18,33,6,0.9188914900440704,38,0.04096176470587991,7.305304959905141,0.6657497320506406,6.472540815444312
18,33,7,1.0970328610167406,45,0.06013873334175089,12.938091860094465,0.6859221157975471,6.609037990474907
18,33,6,1.0357528126643305,31,0.05346082517409964,8.321568895872595,0.6165431285368369,4.870483844144942
18,33,7,1.158764283826448,34,0.04177297615803248,12.616174437045476,0.6080237130064781,5.991433648969008
18,33,5,0.961776955678627,45,0.04269843971779748,8.98014783804682,0.702801691489258,5.584717917645822
18,33,7,1.0612850707803034,43,0.05027805607650533,11.768640620395333,0.6943200331830204,3.360202136889641
18,33,6,1.0265557444783058,34,0.04965454222158802,7.005539761022669,0.660930806012549,6.109499578339232
18,33,5,0.6787748594365544,30,0.06686381777894447,8.715597066365373,0.6795441831381976,6.935639253866854
18,33,6,1.0384334535312352,37,0.03119046119114599,11.10962908791893,0.6166442405524375,3.8826167744834694
18,33,3,0.6888066199992291,48,0.029595234658370318,7.858463488977373,0.7145661219854446,6.232367960306898
18,33,6,1.0233792165328497,39,0.04602144798287195,11.604124225805641,0.6869751410235487,5.790884860714614
18,33,5,0.5158390954303127,48,0.03627440415582811,12.828220864377114,0.7063214647727664,6.4031919047978185
18,33,7,0.5357294794491301,42,0.05581685707511952,7.951846707537175,0.7893315475198573,3.5214752124162327
17,33,4,0.68976424661303,50,0.036684703538133634,12.896831999604679,0.6797023033491093,5.402998209346762
17,33,7,0.7752900153890779,49,0.020374741381317233,10.451358550484539,0.6321026737925292,5.8023069850164095
17,33,3,0.53519442807484,49,0.02924848206923108,7.2176934886108,0.7208791738458613,4.685191753968377
17,33,5,0.9535756451312939,47,0.025678019244789057,11.799226467487468,0.66873813714718,3.3701135897266132
17,33,4,0.6934264492436852,46,0.03434057257481702,9.76186381818977,0.690959315230034,4.324412115773281
17,33,5,0.7648900465607119,44,0.025699870034429428,9.424378614664441,0.6434870921758888,5.7082077549956916
17,33,7,0.981294579985459,50,0.06119254424667871,10.900358099404656,0.7242346822771382,6.307454544008386
17,33,4,0.4371753460236838,36,0.03128937361642006,9.389912102730824,0.6916584558692052,3.3067502584380546
17,33,7,1.093098391335535,39,0.04213311264476536,11.653712767225713,0.6539592976279733,4.453943700099009
17,33,5,1.0846721231028131,34,0.05399363491472428,9.806522345067211,0.6905946245150276,6.384125792261322
17,33,7,0.8506091677268373,50,0.02338062254925675,9.81518502515732,0.6431578483395687,5.329463305329391
17,33,5,0.6047667682479924,30,0.0275761381544302,10.311247974972332,0.6024865603054275,4.700502560891065
17,33,7,0.6940258459761129,44,0.04054247668446657,7.950381805503389,0.6650663480004477,3.7195476351591217
17,33,6,1.0389826590420181,40,0.043813812001194136,11.65132456675624,0.660222330230904,6.013565574285623
17,33,6,0.5956225679696631,50,0.06554114823844086,9.379259971917978,0.7484297981272751,5.720607602851358
16,33,5,0.7819785361480012,38,0.05171650409780999,8.588082481467321,0.7018550032476897,5.3887084121002164
16,33,5,0.8213303493298003,38,0.032950669988841795,11.333690771546275,0.7042971612247367,4.597666033128115
16,33,7,0.7424884660539612,33,0.06403877238450854,8.427604424534119,0.6566874937703687,5.647650950926394
16,33,6,0.7651633097327512,43,0.0523175850572484,12.892300576542873,0.7017423161983921,4.834188542571514
16,33,7,0.9531453840944774,46,0.029280714202067862,8.164806799754167,0.6521982656367841,6.676886042500027
16,33,3,0.6630417882793223,42,0.021154424164662736,7.399158302592724,0.6903389313924082,4.28647425376032
15,33,4,0.7293238892516134,35,0.0682694382315934,12.207729337619114,0.7185021298601633,4.719014273058702
15,33,7,0.7500399481935498,49,0.06976327138067294,11.94875174628535,0.7356693091266844,4.896366746906693
15,33,5,0.46466335695233313,31,0.03129146142032663,9.298184295332778,0.7403143300912707,4.021926588674587
15,33,7,0.7881548709264385,37,0.0441362382968474,8.444961844863847,0.6400989411332972,6.9051399283336465
15,33,7,1.0352648782089684,34,0.026439662415251912,12.862475802516812,0.6149313598180163,3.7509593160735495
15,33,7,0.8129748562557138,40,0.05469352159690739,7.214360419116258,0.7402763191954012,3.944098880756502
15,33,5,0.857290149340282,48,0.036766225583639775,10.68046835096367,0.6844100053598972,3.3180040299268705
15,33,7,0.5691863178878704,33,0.05599620916348913,11.472620225225134,0.7209107620338403,4.975100864943631
15,33,6,0.8270714871339095,49,0.023638597016853263,8.903509379433679,0.6774217127175879,3.8912440399040102
15,33,6,0.7001196201593507,40,0.038647247301811835,7.715735870777739,0.6721151726024388,3.552877817194876
14,33,7,0.5240999907896593,35,0.04280731452430271,12.438595228097771,0.7809849777131237,4.942335592884511
14,33,6,0.6224843012255462,41,0.02979809274947056,7.290018537282195,0.6745831980354423,6.594188157157568
14,33,5,0.6532536910765864,45,0.04262160889085312,7.590029074728628,0.7212051097950952,3.6716226339760913
13,33,7,0.826766317088977,37,0.04025017653368056,8.700268265169482,0.655532370893274,4.456512056584218
13,33,6,0.8629756626657075,48,0.030427215024020397,8.945327837566232,0.70800736291939,5.957635758854505
13,33,6,0.6972318575978631,45,0.04952359630996524,7.825762661405627,0.7112500316150859,6.448875858109734
13,33,6,0.8561967469686835,42,0.04293353662124781,12.851595420955867,0.683354180576865,3.214161117976915
13,33,7,0.664230299108873,36,0.037255622295821765,9.061253402143144,0.6559334175131262,5.887542162787021
13,33,5,0.5327524370328189,40,0.039652103201510115,9.268012434067327,0.7133335045457094,5.458490557358594
13,33,7,1.0167099111010451,31,0.03493364084950135,7.239950703519175,0.674527502141183,3.0290460367675944
13,33,7,0.9063309682058401,30,0.04491732934242521,10.166410534713213,0.6308783545814238,5.605421007981246
13,33,7,0.6760546736413019,35,0.0620112812127937,9.260141464682732,0.6673995099422784,4.965118591351622
13,33,6,0.6677851138757356,39,0.04928206821239056,11.091859406393473,0.6717573919553105,3.892445093358091
12,33,7,0.8069456366667762,38,0.048421738739555825,12.752691675463831,0.6662748575088614,3.060053106697241
12,33,7,1.1286300953564945,30,0.02316616165494037,12.923811121163322,0.6596217186065864,5.019045412283399
12,33,6,0.5761057370594611,37,0.04144769166373542,7.585748893773875,0.722458603169905,3.7814363269853564
12,33,7,0.8698491666193455,41,0.038498763911265235,8.421086405241324,0.6692456837365883,6.229553406049689
12,33,4,0.5590478286684022,30,0.033636297130505914,10.314541829138909,0.7113763533584456,3.8990830935905154
11,33,5,0.7288194578226708,39,0.03840990589497626,8.562430689645975,0.6793046659071662,3.8249613066217494
11,33,7,0.8131910718656168,30,0.02706028540539417,8.644472488698312,0.6687731651230552,6.437603953039716
11,33,7,0.9188124787887366,48,0.026813344636689246,12.26906999752073,0.6750691483206293,4.333387070108363
10,33,5,0.5354556359680375,39,0.04586693647918355,8.509150671935494,0.7234640125357383,6.324956240549902
10,33,7,0.9150871213812052,39,0.025836669561897556,12.690874329754795,0.6645779702269822,3.083181913604714
10,33,7,0.8400937942802844,32,0.03296315433415782,12.929969056107428,0.6157593195517123,4.726643520859137
10,33,6,0.7531128762543005,31,0.020906460251760982,8.131332091562953,0.6421120737853242,3.5607266711634873
9,33,5,0.7810071134599437,43,0.02480623895031801,11.740150187360115,0.6893877271152795,3.0555413758514836
9,33,7,0.7595370137850741,31,0.03408448380941425,9.341076874230628,0.6210250421417962,5.894862826454682
8,33,4,0.7314772740234756,30,0.03523002690412211,12.15095565394386,0.6606517761466709,6.307878196671388
8,33,6,0.6801211782149391,30,0.04314719779403532,12.132293151616576,0.6623029231654898,5.0350674569862015
8,33,5,0.7230914850816714,39,0.022326329767717416,10.087271509258343,0.6750741301551947,5.778591081363199
8,33,4,0.8053278437390272,39,0.028997086264241377,12.883817413911324,0.6865517933414885,5.384988411016964
8,33,7,0.7223539011297117,35,0.041547876855697524,11.028989848458165,0.6984158187357145,3.3549300497575127
7,33,6,0.6810814185260046,42,0.02463557636629863,11.255261377102764,0.674197872179387,3.444080919175724
